condition,observable,time,value
cond_il6_1,pSTAT1,0.0,0.0
cond_il6_1,pSTAT1,1.0,9.877667302527257e-05
cond_il6_1,pSTAT1,2.0,0.0011352993508378698
cond_il6_1,pSTAT1,3.0,0.0042264356932458225
cond_il6_1,pSTAT1,4.0,0.010011530832145264
cond_il6_1,pSTAT1,5.0,0.01861407120040362
cond_il6_1,pSTAT1,6.0,0.029792340257649506
cond_il6_1,pSTAT1,7.0,0.043094880384301586
cond_il6_1,pSTAT1,8.0,0.05798193048901292
cond_il6_1,pSTAT1,9.0,0.07390312240755859
cond_il6_1,pSTAT1,10.0,0.0903386071773343
cond_il6_1,pSTAT1,11.0,0.10681825258126675
cond_il6_1,pSTAT1,12.0,0.12292958001075475
cond_il6_1,pSTAT1,13.0,0.13831973098089168
cond_il6_1,pSTAT1,14.0,0.15269400671511846
cond_il6_1,pSTAT1,15.0,0.16581244802965278
cond_il6_1,pSTAT1,16.0,0.17748544973466082
cond_il6_1,pSTAT1,17.0,0.1875691391097053
cond_il6_1,pSTAT1,18.0,0.1959610695718274
cond_il6_1,pSTAT1,19.0,0.20259663899652927
cond_il6_1,pSTAT1,20.0,0.20744651291413538
cond_il6_1,pSTAT1,21.0,0.21051519341213631
cond_il6_1,pSTAT1,22.0,0.2118406735827094
cond_il6_1,pSTAT1,23.0,0.21149477458647814
cond_il6_1,pSTAT1,24.0,0.20958327482902045
cond_il6_1,pSTAT1,25.0,0.20624454157224842
cond_il6_1,pSTAT1,26.0,0.20164547258599366
cond_il6_1,pSTAT1,27.0,0.19597433219145174
cond_il6_1,pSTAT1,28.0,0.1894311769418775
cond_il6_1,pSTAT1,29.0,0.18221738915844538
cond_il6_1,pSTAT1,30.0,0.17452599778552055
cond_il6_1,pSTAT1,31.0,0.1665340440784245
cond_il6_1,pSTAT1,32.0,0.1583975745825151
cond_il6_1,pSTAT1,33.0,0.15024922377356317
cond_il6_1,pSTAT1,34.0,0.14219794367706226
cond_il6_1,pSTAT1,35.0,0.13433026911635573
cond_il6_1,pSTAT1,36.0,0.12671251726120764
cond_il6_1,pSTAT1,37.0,0.11939342948721225
cond_il6_1,pSTAT1,38.0,0.11240690353254473
cond_il6_1,pSTAT1,39.0,0.10577459465694147
cond_il6_1,pSTAT1,40.0,0.09950826570680672
cond_il6_1,pSTAT1,41.0,0.09361183618358523
cond_il6_1,pSTAT1,42.0,0.0880831241285665
cond_il6_1,pSTAT1,43.0,0.08291529917592436
cond_il6_1,pSTAT1,44.0,0.07809807688167056
cond_il6_1,pSTAT1,45.0,0.07361868843993494
cond_il6_1,pSTAT1,46.0,0.06946265953369549
cond_il6_1,pSTAT1,47.0,0.06561442941104308
cond_il6_1,pSTAT1,48.0,0.06205783774513781
cond_il6_1,pSTAT1,49.0,0.05877650297347687
cond_il6_1,pSTAT1,50.0,0.05575411248571203
cond_il6_1,pSTAT1,51.0,0.05297464096633973
cond_il6_1,pSTAT1,52.0,0.050422511498398596
cond_il6_1,pSTAT1,53.0,0.04808271053684022
cond_il6_1,pSTAT1,54.0,0.04594086635342331
cond_il6_1,pSTAT1,55.0,0.04398329861636342
cond_il6_1,pSTAT1,56.0,0.04219704539758555
cond_il6_1,pSTAT1,57.0,0.04056987269171057
cond_il6_1,pSTAT1,58.0,0.0390902705585806
cond_il6_1,pSTAT1,59.0,0.03774743920449834
cond_il6_1,pSTAT1,60.0,0.03653126766137058
cond_il6_1,pSTAT1,61.0,0.03543230719057251
cond_il6_1,pSTAT1,62.0,0.03444174110356891
cond_il6_1,pSTAT1,63.0,0.03355135233792805
cond_il6_1,pSTAT1,64.0,0.032753489840350994
cond_il6_1,pSTAT1,65.0,0.03204103457558819
cond_il6_1,pSTAT1,66.0,0.031407365791733664
cond_il6_1,pSTAT1,67.0,0.030846328024393507
cond_il6_1,pSTAT1,68.0,0.030352199178223294
cond_il6_1,pSTAT1,69.0,0.029919659960992932
cond_il6_1,pSTAT1,70.0,0.029543764863012193
cond_il6_1,pSTAT1,71.0,0.029219914741020113
cond_il6_1,pSTAT1,72.0,0.028943831125330697
cond_il6_1,pSTAT1,73.0,0.028711532245474264
cond_il6_1,pSTAT1,74.0,0.02851931077295002
cond_il6_1,pSTAT1,75.0,0.028363713248825948
cond_il6_1,pSTAT1,76.0,0.028241521141685003
cond_il6_1,pSTAT1,77.0,0.028149733470571977
cond_il6_1,pSTAT1,78.0,0.028085550915337088
cond_il6_1,pSTAT1,79.0,0.028046361326089137
cond_il6_1,pSTAT1,80.0,0.02802972654657517
cond_il6_1,pSTAT1,81.0,0.0280333704513388
cond_il6_1,pSTAT1,82.0,0.028055168106184792
cond_il6_1,pSTAT1,83.0,0.028093135954267812
cond_il6_1,pSTAT1,84.0,0.028145422935503126
cond_il6_1,pSTAT1,85.0,0.028210302447509855
cond_il6_1,pSTAT1,86.0,0.02828616506212714
cond_il6_1,pSTAT1,87.0,0.028371511921954508
cond_il6_1,pSTAT1,88.0,0.02846494868044667
cond_il6_1,pSTAT1,89.0,0.028565180017351845
cond_il6_1,pSTAT1,90.0,0.028671004591169984
cond_il6_1,pSTAT3,0.0,0.0
cond_il6_1,pSTAT3,1.0,0.00034095442815523477
cond_il6_1,pSTAT3,2.0,0.0038357491056475648
cond_il6_1,pSTAT3,3.0,0.014030451008698888
cond_il6_1,pSTAT3,4.0,0.03269041713163518
cond_il6_1,pSTAT3,5.0,0.05981988263767393
cond_il6_1,pSTAT3,6.0,0.09432127019852891
cond_il6_1,pSTAT3,7.0,0.13459543825055387
cond_il6_1,pSTAT3,8.0,0.17893669824052005
cond_il6_1,pSTAT3,9.0,0.22574240631037087
cond_il6_1,pSTAT3,10.0,0.2736005442173429
cond_il6_1,pSTAT3,11.0,0.3213125480281004
cond_il6_1,pSTAT3,12.0,0.367886405249407
cond_il6_1,pSTAT3,13.0,0.4125175086448299
cond_il6_1,pSTAT3,14.0,0.45456541497723074
cond_il6_1,pSTAT3,15.0,0.4935303000660902
cond_il6_1,pSTAT3,16.0,0.5290309396195667
cond_il6_1,pSTAT3,17.0,0.5607852314014606
cond_il6_1,pSTAT3,18.0,0.5885940088125688
cond_il6_1,pSTAT3,19.0,0.6123288215695788
cond_il6_1,pSTAT3,20.0,0.6319241879519689
cond_il6_1,pSTAT3,21.0,0.6473743071748695
cond_il6_1,pSTAT3,22.0,0.6587332675468228
cond_il6_1,pSTAT3,23.0,0.6661166549983002
cond_il6_1,pSTAT3,24.0,0.6697017878456406
cond_il6_1,pSTAT3,25.0,0.6697241852897287
cond_il6_1,pSTAT3,26.0,0.666469302338892
cond_il6_1,pSTAT3,27.0,0.6602602748731028
cond_il6_1,pSTAT3,28.0,0.6514435364683592
cond_il6_1,pSTAT3,29.0,0.6403743688331365
cond_il6_1,pSTAT3,30.0,0.627403998818102
cond_il6_1,pSTAT3,31.0,0.6128691918933392
cond_il6_1,pSTAT3,32.0,0.5970846927930854
cond_il6_1,pSTAT3,33.0,0.5803384214742168
cond_il6_1,pSTAT3,34.0,0.562889051434243
cond_il6_1,pSTAT3,35.0,0.5449654596721876
cond_il6_1,pSTAT3,36.0,0.5267675155731066
cond_il6_1,pSTAT3,37.0,0.5084677341703447
cond_il6_1,pSTAT3,38.0,0.49021341551152164
cond_il6_1,pSTAT3,39.0,0.4721289970664414
cond_il6_1,pSTAT3,40.0,0.45431843718982107
cond_il6_1,pSTAT3,41.0,0.4368675179832189
cond_il6_1,pSTAT3,42.0,0.41984600542995804
cond_il6_1,pSTAT3,43.0,0.4033096370651657
cond_il6_1,pSTAT3,44.0,0.3873019274590994
cond_il6_1,pSTAT3,45.0,0.3718557935221439
cond_il6_1,pSTAT3,46.0,0.3569950081033039
cond_il6_1,pSTAT3,47.0,0.3427354935456637
cond_il6_1,pSTAT3,48.0,0.32908646821287013
cond_il6_1,pSTAT3,49.0,0.3160514591252167
cond_il6_1,pSTAT3,50.0,0.3036291938930811
cond_il6_1,pSTAT3,51.0,0.2918143832999042
cond_il6_1,pSTAT3,52.0,0.280598406679878
cond_il6_1,pSTAT3,53.0,0.2699699099151047
cond_il6_1,pSTAT3,54.0,0.25991532573043324
cond_il6_1,pSTAT3,55.0,0.25041932482849605
cond_il6_1,pSTAT3,56.0,0.2414652056867449
cond_il6_1,pSTAT3,57.0,0.23303523004411777
cond_il6_1,pSTAT3,58.0,0.22511091041931205
cond_il6_1,pSTAT3,59.0,0.21767325534549067
cond_il6_1,pSTAT3,60.0,0.21070297743339203
cond_il6_1,pSTAT3,61.0,0.20418066883258099
cond_il6_1,pSTAT3,62.0,0.19808694817604883
cond_il6_1,pSTAT3,63.0,0.19240258265319973
cond_il6_1,pSTAT3,64.0,0.1871085884574079
cond_il6_1,pSTAT3,65.0,0.1821863124942066
cond_il6_1,pSTAT3,66.0,0.17761749791117032
cond_il6_1,pSTAT3,67.0,0.17338433568444664
cond_il6_1,pSTAT3,68.0,0.16946950441511
cond_il6_1,pSTAT3,69.0,0.16585619989256167
cond_il6_1,pSTAT3,70.0,0.16252815596332634
cond_il6_1,pSTAT3,71.0,0.15946965842845887
cond_il6_1,pSTAT3,72.0,0.15666555273508612
cond_il6_1,pSTAT3,73.0,0.15410124673645734
cond_il6_1,pSTAT3,74.0,0.1517627093546197
cond_il6_1,pSTAT3,75.0,0.14963646592222696
cond_il6_1,pSTAT3,76.0,0.1477095908890527
cond_il6_1,pSTAT3,77.0,0.1459696984501951
cond_il6_1,pSTAT3,78.0,0.14440493158616372
cond_il6_1,pSTAT3,79.0,0.14300394992167534
cond_il6_1,pSTAT3,80.0,0.14175591674457994
cond_il6_1,pSTAT3,81.0,0.14065048546103026
cond_il6_1,pSTAT3,82.0,0.1396777857195191
cond_il6_1,pSTAT3,83.0,0.1388284093842303
cond_il6_1,pSTAT3,84.0,0.1380933965025551
cond_il6_1,pSTAT3,85.0,0.13746422137655198
cond_il6_1,pSTAT3,86.0,0.1369327788208187
cond_il6_1,pSTAT3,87.0,0.13649137066974612
cond_il6_1,pSTAT3,88.0,0.13613269254269647
cond_il6_1,pSTAT3,89.0,0.13584982093335535
cond_il6_1,pSTAT3,90.0,0.13563620060675302
cond_il10_1,pSTAT1,0.0,0.0
cond_il10_1,pSTAT1,1.0,0.0003255751591182488
cond_il10_1,pSTAT1,2.0,0.001956928455532026
cond_il10_1,pSTAT1,3.0,0.004627115773610721
cond_il10_1,pSTAT1,4.0,0.007829183080874765
cond_il10_1,pSTAT1,5.0,0.0112682080338277
cond_il10_1,pSTAT1,6.0,0.014806053605539696
cond_il10_1,pSTAT1,7.0,0.01838325933091048
cond_il10_1,pSTAT1,8.0,0.021975350378814495
cond_il10_1,pSTAT1,9.0,0.025572539300744632
cond_il10_1,pSTAT1,10.0,0.02917084086052621
cond_il10_1,pSTAT1,11.0,0.032768190252607785
cond_il10_1,pSTAT1,12.0,0.036362677437193965
cond_il10_1,pSTAT1,13.0,0.039951685574817854
cond_il10_1,pSTAT1,14.0,0.04353143899053361
cond_il10_1,pSTAT1,15.0,0.047096758507083315
cond_il10_1,pSTAT1,16.0,0.05064094003407621
cond_il10_1,pSTAT1,17.0,0.054155719402925385
cond_il10_1,pSTAT1,18.0,0.057631306727355745
cond_il10_1,pSTAT1,19.0,0.06105648154921445
cond_il10_1,pSTAT1,20.0,0.0644187431350789
cond_il10_1,pSTAT1,21.0,0.06770451168943621
cond_il10_1,pSTAT1,22.0,0.07089937372461103
cond_il10_1,pSTAT1,23.0,0.07398836514522814
cond_il10_1,pSTAT1,24.0,0.07695628282774393
cond_il10_1,pSTAT1,25.0,0.07978801426415513
cond_il10_1,pSTAT1,26.0,0.08246887370253017
cond_il10_1,pSTAT1,27.0,0.08498493264857931
cond_il10_1,pSTAT1,28.0,0.08732333281242695
cond_il10_1,pSTAT1,29.0,0.08947257039381408
cond_il10_1,pSTAT1,30.0,0.09142274220088091
cond_il10_1,pSTAT1,31.0,0.09316574595287597
cond_il10_1,pSTAT1,32.0,0.09469542966880404
cond_il10_1,pSTAT1,33.0,0.09600768718327621
cond_il10_1,pSTAT1,34.0,0.09710049965912278
cond_il10_1,pSTAT1,35.0,0.09797392478798157
cond_il10_1,pSTAT1,36.0,0.0986300376567775
cond_il10_1,pSTAT1,37.0,0.09907282850883431
cond_il10_1,pSTAT1,38.0,0.0993080638946736
cond_il10_1,pSTAT1,39.0,0.09934311833412288
cond_il10_1,pSTAT1,40.0,0.09918678382189641
cond_il10_1,pSTAT1,41.0,0.09884906455351089
cond_il10_1,pSTAT1,42.0,0.09834096374215959
cond_il10_1,pSTAT1,43.0,0.09767426890941301
cond_il10_1,pSTAT1,44.0,0.09686134121843995
cond_il10_1,pSTAT1,45.0,0.0959149135946248
cond_il10_1,pSTAT1,46.0,0.09484790147911958
cond_il10_1,pSTAT1,47.0,0.0936732291836952
cond_il10_1,pSTAT1,48.0,0.09240367391450888
cond_il10_1,pSTAT1,49.0,0.09105172885490154
cond_il10_1,pSTAT1,50.0,0.08962948591346265
cond_il10_1,pSTAT1,51.0,0.08814853759432753
cond_il10_1,pSTAT1,52.0,0.086619898410026
cond_il10_1,pSTAT1,53.0,0.08505394482784405
cond_il10_1,pSTAT1,54.0,0.08346037113852833
cond_il10_1,pSTAT1,55.0,0.08184816120545163
cond_il10_1,pSTAT1,56.0,0.08022557403838973
cond_il10_1,pSTAT1,57.0,0.0786001413168366
cond_il10_1,pSTAT1,58.0,0.07697867528851207
cond_il10_1,pSTAT1,59.0,0.07536728535581376
cond_il10_1,pSTAT1,60.0,0.07377140184040193
cond_il10_1,pSTAT1,61.0,0.07219580528629968
cond_il10_1,pSTAT1,62.0,0.07064466005480757
cond_il10_1,pSTAT1,63.0,0.06912155100743803
cond_il10_1,pSTAT1,64.0,0.06762952213954532
cond_il10_1,pSTAT1,65.0,0.06617111628701954
cond_il10_1,pSTAT1,66.0,0.0647484151210966
cond_il10_1,pSTAT1,67.0,0.06336307876210706
cond_il10_1,pSTAT1,68.0,0.06201638449772876
cond_il10_1,pSTAT1,69.0,0.06070926419207709
cond_il10_1,pSTAT1,70.0,0.05944234004320025
cond_il10_1,pSTAT1,71.0,0.058215958485090265
cond_il10_1,pSTAT1,72.0,0.0570302220732142
cond_il10_1,pSTAT1,73.0,0.05588501922467138
cond_il10_1,pSTAT1,74.0,0.05478005181483953
cond_il10_1,pSTAT1,75.0,0.05371486061695441
cond_il10_1,pSTAT1,76.0,0.052688848596241
cond_il10_1,pSTAT1,77.0,0.05170130214854752
cond_il10_1,pSTAT1,78.0,0.05075141036148179
cond_il10_1,pSTAT1,79.0,0.049838282381336085
cond_il10_1,pSTAT1,80.0,0.04896096299500753
cond_il10_1,pSTAT1,81.0,0.04811844655376267
cond_il10_1,pSTAT1,82.0,0.04730968934195946
cond_il10_1,pSTAT1,83.0,0.046533620449177755
cond_il10_1,pSTAT1,84.0,0.04578915150988893
cond_il10_1,pSTAT1,85.0,0.04507518512598873
cond_il10_1,pSTAT1,86.0,0.04439062202325607
cond_il10_1,pSTAT1,87.0,0.04373436732891281
cond_il10_1,pSTAT1,88.0,0.04310533604567254
cond_il10_1,pSTAT1,89.0,0.04250245765328695
cond_il10_1,pSTAT1,90.0,0.04192467995204178
cond_il10_1,pSTAT3,0.0,0.0
cond_il10_1,pSTAT3,1.0,0.002999028469737247
cond_il10_1,pSTAT3,2.0,0.018353673896129026
cond_il10_1,pSTAT3,3.0,0.04425438399823207
cond_il10_1,pSTAT3,4.0,0.07628014588140933
cond_il10_1,pSTAT3,5.0,0.11158724268647649
cond_il10_1,pSTAT3,6.0,0.14859029673745247
cond_il10_1,pSTAT3,7.0,0.18636348859276483
cond_il10_1,pSTAT3,8.0,0.22430102367710036
cond_il10_1,pSTAT3,9.0,0.26196048571788166
cond_il10_1,pSTAT3,10.0,0.2989946241224364
cond_il10_1,pSTAT3,11.0,0.33512111671651584
cond_il10_1,pSTAT3,12.0,0.37010799223563406
cond_il10_1,pSTAT3,13.0,0.403765551268009
cond_il10_1,pSTAT3,14.0,0.43594111201132646
cond_il10_1,pSTAT3,15.0,0.46651507856345853
cond_il10_1,pSTAT3,16.0,0.49539768240752097
cond_il10_1,pSTAT3,17.0,0.5225260864476408
cond_il10_1,pSTAT3,18.0,0.547861692385636
cond_il10_1,pSTAT3,19.0,0.5713875643559941
cond_il10_1,pSTAT3,20.0,0.5931059243577071
cond_il10_1,pSTAT3,21.0,0.6130357034793256
cond_il10_1,pSTAT3,22.0,0.6312101496841575
cond_il10_1,pSTAT3,23.0,0.6476745080969637
cond_il10_1,pSTAT3,24.0,0.6624837970605829
cond_il10_1,pSTAT3,25.0,0.6757007072534995
cond_il10_1,pSTAT3,26.0,0.6873936523809641
cond_il10_1,pSTAT3,27.0,0.6976349960740285
cond_il10_1,pSTAT3,28.0,0.7064994758431524
cond_il10_1,pSTAT3,29.0,0.7140628370960618
cond_il10_1,pSTAT3,30.0,0.7204006821941389
cond_il10_1,pSTAT3,31.0,0.7255875329321565
cond_il10_1,pSTAT3,32.0,0.7296960961581898
cond_il10_1,pSTAT3,33.0,0.732796717834872
cond_il10_1,pSTAT3,34.0,0.7349570048028155
cond_il10_1,pSTAT3,35.0,0.7362415920959091
cond_il10_1,pSTAT3,36.0,0.736712031181578
cond_il10_1,pSTAT3,37.0,0.7364267753995389
cond_il10_1,pSTAT3,38.0,0.7354412395842238
cond_il10_1,pSTAT3,39.0,0.7338079130358214
cond_il10_1,pSTAT3,40.0,0.731576507626437
cond_il10_1,pSTAT3,41.0,0.7287941254709226
cond_il10_1,pSTAT3,42.0,0.725505433698415
cond_il10_1,pSTAT3,43.0,0.7217528365269765
cond_il10_1,pSTAT3,44.0,0.7175766375052534
cond_il10_1,pSTAT3,45.0,0.7130151870827859
cond_il10_1,pSTAT3,46.0,0.7081050126394421
cond_il10_1,pSTAT3,47.0,0.7028809297399756
cond_il10_1,pSTAT3,48.0,0.6973761347243869
cond_il10_1,pSTAT3,49.0,0.6916222796264634
cond_il10_1,pSTAT3,50.0,0.6856495312280002
cond_il10_1,pSTAT3,51.0,0.6794866167491914
cond_il10_1,pSTAT3,52.0,0.6731608578987119
cond_il10_1,pSTAT3,53.0,0.6666981962136952
cond_il10_1,pSTAT3,54.0,0.6601232127484921
cond_il10_1,pSTAT3,55.0,0.6534591432693452
cond_il10_1,pSTAT3,56.0,0.6467278915364137
cond_il10_1,pSTAT3,57.0,0.6399500424293857
cond_il10_1,pSTAT3,58.0,0.6331448760955063
cond_il10_1,pSTAT3,59.0,0.6263303843081587
cond_il10_1,pSTAT3,60.0,0.6195232898671926
cond_il10_1,pSTAT3,61.0,0.6127390694504692
cond_il10_1,pSTAT3,62.0,0.6059919802251202
cond_il10_1,pSTAT3,63.0,0.599295090326431
cond_il10_1,pSTAT3,64.0,0.5926603130221454
cond_il10_1,pSTAT3,65.0,0.5860984443443776
cond_il10_1,pSTAT3,66.0,0.5796192038749244
cond_il10_1,pSTAT3,67.0,0.573231278242787
cond_il10_1,pSTAT3,68.0,0.5669423668754997
cond_il10_1,pSTAT3,69.0,0.5607592295453966
cond_il10_1,pSTAT3,70.0,0.5546877352391276
cond_il10_1,pSTAT3,71.0,0.5487329118572654
cond_il10_1,pSTAT3,72.0,0.5428989963282188
cond_il10_1,pSTAT3,73.0,0.5371894847197688
cond_il10_1,pSTAT3,74.0,0.5316071819666549
cond_il10_1,pSTAT3,75.0,0.5261542508951011
cond_il10_1,pSTAT3,76.0,0.5208322602374887
cond_il10_1,pSTAT3,77.0,0.5156422313922008
cond_il10_1,pSTAT3,78.0,0.5105846837236092
cond_il10_1,pSTAT3,79.0,0.5056596782190924
cond_il10_1,pSTAT3,80.0,0.5008668593611056
cond_il10_1,pSTAT3,81.0,0.49620549512479567
cond_il10_1,pSTAT3,82.0,0.4916745150152557
cond_il10_1,pSTAT3,83.0,0.48727254600113323
cond_il10_1,pSTAT3,84.0,0.48299794670528834
cond_il10_1,pSTAT3,85.0,0.4788488394172793
cond_il10_1,pSTAT3,86.0,0.47482313982388424
cond_il10_1,pSTAT3,87.0,0.47091858490902555
cond_il10_1,pSTAT3,88.0,0.4671327590533217
cond_il10_1,pSTAT3,89.0,0.4634631181596817
cond_il10_1,pSTAT3,90.0,0.45990701192559363
cond_il6_10,pSTAT1,0.0,0.0
cond_il6_10,pSTAT1,1.0,0.0009226594081331542
cond_il6_10,pSTAT1,2.0,0.00987715863983457
cond_il6_10,pSTAT1,3.0,0.03419166348270141
cond_il6_10,pSTAT1,4.0,0.0755117402093581
cond_il6_10,pSTAT1,5.0,0.13172890442460145
cond_il6_10,pSTAT1,6.0,0.1994351092890108
cond_il6_10,pSTAT1,7.0,0.2751138284717221
cond_il6_10,pSTAT1,8.0,0.3555521680437245
cond_il6_10,pSTAT1,9.0,0.43794347285508983
cond_il6_10,pSTAT1,10.0,0.5198798575467876
cond_il6_10,pSTAT1,11.0,0.5993105042611577
cond_il6_10,pSTAT1,12.0,0.6744967437052867
cond_il6_10,pSTAT1,13.0,0.7439774253056823
cond_il6_10,pSTAT1,14.0,0.8065482650100538
cond_il6_10,pSTAT1,15.0,0.8612524800348704
cond_il6_10,pSTAT1,16.0,0.9073769671038497
cond_il6_10,pSTAT1,17.0,0.9444482887431286
cond_il6_10,pSTAT1,18.0,0.9722246849354831
cond_il6_10,pSTAT1,19.0,0.9906828244098791
cond_il6_10,pSTAT1,20.0,1.0000000000458995
cond_il6_10,pSTAT1,21.0,1.0005335021159174
cond_il6_10,pSTAT1,22.0,0.9927990097280959
cond_il6_10,pSTAT1,23.0,0.977449295545504
cond_il6_10,pSTAT1,24.0,0.9552536617661267
cond_il6_10,pSTAT1,25.0,0.9270775832116198
cond_il6_10,pSTAT1,26.0,0.8938612557311649
cond_il6_10,pSTAT1,27.0,0.8565953655485378
cond_il6_10,pSTAT1,28.0,0.8162926418581741
cond_il6_10,pSTAT1,29.0,0.7739548065468248
cond_il6_10,pSTAT1,30.0,0.7305363308409223
cond_il6_10,pSTAT1,31.0,0.6869084696881859
cond_il6_10,pSTAT1,32.0,0.6438284905145255
cond_il6_10,pSTAT1,33.0,0.6019189261721324
cond_il6_10,pSTAT1,34.0,0.5616597666990016
cond_il6_10,pSTAT1,35.0,0.5233934675974059
cond_il6_10,pSTAT1,36.0,0.4873398614436179
cond_il6_10,pSTAT1,37.0,0.4536166373121982
cond_il6_10,pSTAT1,38.0,0.4222612355682723
cond_il6_10,pSTAT1,39.0,0.3932512058901028
cond_il6_10,pSTAT1,40.0,0.36652149961932434
cond_il6_10,pSTAT1,41.0,0.34197828288207766
cond_il6_10,pSTAT1,42.0,0.3195095113582354
cond_il6_10,pSTAT1,43.0,0.29899278410679414
cond_il6_10,pSTAT1,44.0,0.2803010416012163
cond_il6_10,pSTAT1,45.0,0.2633066141487965
cond_il6_10,pSTAT1,46.0,0.24788403422463123
cond_il6_10,pSTAT1,47.0,0.23391193477662395
cond_il6_10,pSTAT1,48.0,0.2212742782866996
cond_il6_10,pSTAT1,49.0,0.20986109897205443
cond_il6_10,pSTAT1,50.0,0.1995688951950074
cond_il6_10,pSTAT1,51.0,0.19030077230737225
cond_il6_10,pSTAT1,52.0,0.18196641058962335
cond_il6_10,pSTAT1,53.0,0.17448191314446815
cond_il6_10,pSTAT1,54.0,0.16776957403251078
cond_il6_10,pSTAT1,55.0,0.16175759609501508
cond_il6_10,pSTAT1,56.0,0.15637977981762968
cond_il6_10,pSTAT1,57.0,0.15157519856239188
cond_il6_10,pSTAT1,58.0,0.14728787100885649
cond_il6_10,pSTAT1,59.0,0.14346643824695596
cond_il6_10,pSTAT1,60.0,0.14006385063700874
cond_il6_10,pSTAT1,61.0,0.13703706751848538
cond_il6_10,pSTAT1,62.0,0.13434677170080567
cond_il6_10,pSTAT1,63.0,0.13195709960979815
cond_il6_10,pSTAT1,64.0,0.12983538734100725
cond_il6_10,pSTAT1,65.0,0.12795193240299024
cond_il6_10,pSTAT1,66.0,0.12627977062700554
cond_il6_10,pSTAT1,67.0,0.1247944675438287
cond_il6_10,pSTAT1,68.0,0.12347392343202535
cond_il6_10,pSTAT1,69.0,0.12229819122089854
cond_il6_10,pSTAT1,70.0,0.12124930640633322
cond_il6_10,pSTAT1,71.0,0.12031112819926884
cond_il6_10,pSTAT1,72.0,0.11946919116994921
cond_il6_10,pSTAT1,73.0,0.11871056670723727
cond_il6_10,pSTAT1,74.0,0.11802373368594263
cond_il6_10,pSTAT1,75.0,0.11739845754548969
cond_il6_10,pSTAT1,76.0,0.11682567780458879
cond_il6_10,pSTAT1,77.0,0.1162974030996769
cond_il6_10,pSTAT1,78.0,0.1158066132510998
cond_il6_10,pSTAT1,79.0,0.11534716838659305
cond_il6_10,pSTAT1,80.0,0.11491372443707025
cond_il6_10,pSTAT1,81.0,0.11450165476808914
cond_il6_10,pSTAT1,82.0,0.11410697766096657
cond_il6_10,pSTAT1,83.0,0.11372628928119095
cond_il6_10,pSTAT1,84.0,0.11335670191920176
cond_il6_10,pSTAT1,85.0,0.11299578715770618
cond_il6_10,pSTAT1,86.0,0.11264152373261857
cond_il6_10,pSTAT1,87.0,0.11229224981768508
cond_il6_10,pSTAT1,88.0,0.11194661946728116
cond_il6_10,pSTAT1,89.0,0.11160356299386033
cond_il6_10,pSTAT1,90.0,0.1112622509969256
cond_il6_10,pSTAT3,0.0,0.0
cond_il6_10,pSTAT3,1.0,0.0031765852528335722
cond_il6_10,pSTAT3,2.0,0.0327180483911337
cond_il6_10,pSTAT3,3.0,0.10702119278104771
cond_il6_10,pSTAT3,4.0,0.21924501338639998
cond_il6_10,pSTAT3,5.0,0.3500797660459519
cond_il6_10,pSTAT3,6.0,0.48144187993176163
cond_il6_10,pSTAT3,7.0,0.6015186309939066
cond_il6_10,pSTAT3,8.0,0.704508245081944
cond_il6_10,pSTAT3,9.0,0.788800697372969
cond_il6_10,pSTAT3,10.0,0.8552435496782629
cond_il6_10,pSTAT3,11.0,0.9059051096741163
cond_il6_10,pSTAT3,12.0,0.9432987527732657
cond_il6_10,pSTAT3,13.0,0.9699335553310795
cond_il6_10,pSTAT3,14.0,0.9880734860309789
cond_il6_10,pSTAT3,15.0,0.9996262951280491
cond_il6_10,pSTAT3,16.0,1.0061132918362297
cond_il6_10,pSTAT3,17.0,1.0086884052118674
cond_il6_10,pSTAT3,18.0,1.0081841346469675
cond_il6_10,pSTAT3,19.0,1.0051681803542212
cond_il6_10,pSTAT3,20.0,0.9999999999963383
cond_il6_10,pSTAT3,21.0,0.9928814608394825
cond_il6_10,pSTAT3,22.0,0.9838996680619271
cond_il6_10,pSTAT3,23.0,0.9730626364067718
cond_il6_10,pSTAT3,24.0,0.9603297832776055
cond_il6_10,pSTAT3,25.0,0.9456394670969438
cond_il6_10,pSTAT3,26.0,0.9289351844427172
cond_il6_10,pSTAT3,27.0,0.9101907461479356
cond_il6_10,pSTAT3,28.0,0.8894330292123592
cond_il6_10,pSTAT3,29.0,0.8667592576509737
cond_il6_10,pSTAT3,30.0,0.8423450111614439
cond_il6_10,pSTAT3,31.0,0.8164400964279289
cond_il6_10,pSTAT3,32.0,0.7893521947900869
cond_il6_10,pSTAT3,33.0,0.7614218086121807
cond_il6_10,pSTAT3,34.0,0.732994607203588
cond_il6_10,pSTAT3,35.0,0.7043973804334528
cond_il6_10,pSTAT3,36.0,0.6759215432003842
cond_il6_10,pSTAT3,37.0,0.6478149897133656
cond_il6_10,pSTAT3,38.0,0.6202807199568632
cond_il6_10,pSTAT3,39.0,0.5934797432263018
cond_il6_10,pSTAT3,40.0,0.5675360094796955
cond_il6_10,pSTAT3,41.0,0.5425418533928975
cond_il6_10,pSTAT3,42.0,0.5185631463494119
cond_il6_10,pSTAT3,43.0,0.49564383520334776
cond_il6_10,pSTAT3,44.0,0.4738098075363457
cond_il6_10,pSTAT3,45.0,0.4530721362118793
cond_il6_10,pSTAT3,46.0,0.43342979082162897
cond_il6_10,pSTAT3,47.0,0.4148719042313523
cond_il6_10,pSTAT3,48.0,0.3973796714354481
cond_il6_10,pSTAT3,49.0,0.3809279440000665
cond_il6_10,pSTAT3,50.0,0.36548657233656145
cond_il6_10,pSTAT3,51.0,0.3510215372340782
cond_il6_10,pSTAT3,52.0,0.3374959047082423
cond_il6_10,pSTAT3,53.0,0.32487063190615967
cond_il6_10,pSTAT3,54.0,0.3131052469385428
cond_il6_10,pSTAT3,55.0,0.30215842159514156
cond_il6_10,pSTAT3,56.0,0.2919884527860492
cond_il6_10,pSTAT3,57.0,0.2825536659792371
cond_il6_10,pSTAT3,58.0,0.27381275178465925
cond_il6_10,pSTAT3,59.0,0.2657250453767772
cond_il6_10,pSTAT3,60.0,0.25825075610934556
cond_il6_10,pSTAT3,61.0,0.2513511549359918
cond_il6_10,pSTAT3,62.0,0.24498872480848807
cond_il6_10,pSTAT3,63.0,0.23912727928051103
cond_il6_10,pSTAT3,64.0,0.23373205343592607
cond_il6_10,pSTAT3,65.0,0.22876977082284722
cond_il6_10,pSTAT3,66.0,0.22420868954213247
cond_il6_10,pSTAT3,67.0,0.22001863024073326
cond_il6_10,pSTAT3,68.0,0.2161709884129582
cond_il6_10,pSTAT3,69.0,0.21263873311746387
cond_il6_10,pSTAT3,70.0,0.20939639400935234
cond_il6_10,pSTAT3,71.0,0.2064200383515005
cond_il6_10,pSTAT3,72.0,0.20368723950518544
cond_il6_10,pSTAT3,73.0,0.2011770382521357
cond_il6_10,pSTAT3,74.0,0.19886989816113074
cond_il6_10,pSTAT3,75.0,0.19674765621592652
cond_il6_10,pSTAT3,76.0,0.19479346939091066
cond_il6_10,pSTAT3,77.0,0.19299175837604973
cond_il6_10,pSTAT3,78.0,0.19132814924054586
cond_il6_10,pSTAT3,79.0,0.18978941354813667
cond_il6_10,pSTAT3,80.0,0.18836340776066698
cond_il6_10,pSTAT3,81.0,0.18703901243469875
cond_il6_10,pSTAT3,82.0,0.18580607170841426
cond_il6_10,pSTAT3,83.0,0.1846553335369778
cond_il6_10,pSTAT3,84.0,0.18357839105121146
cond_il6_10,pSTAT3,85.0,0.18256762535308263
cond_il6_10,pSTAT3,86.0,0.1816161500239801
cond_il6_10,pSTAT3,87.0,0.18071775756272307
cond_il6_10,pSTAT3,88.0,0.17986686792469248
cond_il6_10,pSTAT3,89.0,0.17905847931248164
cond_il6_10,pSTAT3,90.0,0.17828812129438554
cond_il6_10_il10_10,pSTAT1,0.0,0.0
cond_il6_10_il10_10,pSTAT1,1.0,0.0034938878233463084
cond_il6_10_il10_10,pSTAT1,2.0,0.02315097095939291
cond_il6_10_il10_10,pSTAT1,3.0,0.06350948778869882
cond_il6_10_il10_10,pSTAT1,4.0,0.1251929284342612
cond_il6_10_il10_10,pSTAT1,5.0,0.20704902717596088
cond_il6_10_il10_10,pSTAT1,6.0,0.3067975978721545
cond_il6_10_il10_10,pSTAT1,7.0,0.42119660068961107
cond_il6_10_il10_10,pSTAT1,8.0,0.5459893800464745
cond_il6_10_il10_10,pSTAT1,9.0,0.6760385436131098
cond_il6_10_il10_10,pSTAT1,10.0,0.8058273927521039
cond_il6_10_il10_10,pSTAT1,11.0,0.9301453968340975
cond_il6_10_il10_10,pSTAT1,12.0,1.0446325858151735
cond_il6_10_il10_10,pSTAT1,13.0,1.1460200641096467
cond_il6_10_il10_10,pSTAT1,14.0,1.2321135321982792
cond_il6_10_il10_10,pSTAT1,15.0,1.301644854140087
cond_il6_10_il10_10,pSTAT1,16.0,1.3540908706282366
cond_il6_10_il10_10,pSTAT1,17.0,1.3895096817644896
cond_il6_10_il10_10,pSTAT1,18.0,1.4084107213878143
cond_il6_10_il10_10,pSTAT1,19.0,1.4116586413371326
cond_il6_10_il10_10,pSTAT1,20.0,1.4004048749569766
cond_il6_10_il10_10,pSTAT1,21.0,1.376038790434355
cond_il6_10_il10_10,pSTAT1,22.0,1.3401496094392744
cond_il6_10_il10_10,pSTAT1,23.0,1.2944898518372068
cond_il6_10_il10_10,pSTAT1,24.0,1.2409312327549633
cond_il6_10_il10_10,pSTAT1,25.0,1.1814056891881817
cond_il6_10_il10_10,pSTAT1,26.0,1.1178288389551183
cond_il6_10_il10_10,pSTAT1,27.0,1.0520111411125321
cond_il6_10_il10_10,pSTAT1,28.0,0.9855711434834499
cond_il6_10_il10_10,pSTAT1,29.0,0.9198699656777312
cond_il6_10_il10_10,pSTAT1,30.0,0.8559813211400481
cond_il6_10_il10_10,pSTAT1,31.0,0.7946983236330464
cond_il6_10_il10_10,pSTAT1,32.0,0.7365658849281055
cond_il6_10_il10_10,pSTAT1,33.0,0.6819235698794845
cond_il6_10_il10_10,pSTAT1,34.0,0.6309479299864962
cond_il6_10_il10_10,pSTAT1,35.0,0.5836896433453248
cond_il6_10_il10_10,pSTAT1,36.0,0.5401048131953287
cond_il6_10_il10_10,pSTAT1,37.0,0.5000810514696638
cond_il6_10_il10_10,pSTAT1,38.0,0.46345893319855586
cond_il6_10_il10_10,pSTAT1,39.0,0.4300492063768653
cond_il6_10_il10_10,pSTAT1,40.0,0.3996461307862276
cond_il6_10_il10_10,pSTAT1,41.0,0.37203742473615686
cond_il6_10_il10_10,pSTAT1,42.0,0.34701138658075836
cond_il6_10_il10_10,pSTAT1,43.0,0.32436177514471676
cond_il6_10_il10_10,pSTAT1,44.0,0.3038909850497026
cond_il6_10_il10_10,pSTAT1,45.0,0.28541196804213925
cond_il6_10_il10_10,pSTAT1,46.0,0.26874925828094454
cond_il6_10_il10_10,pSTAT1,47.0,0.25373937405629193
cond_il6_10_il10_10,pSTAT1,48.0,0.2402307957523794
cond_il6_10_il10_10,pSTAT1,49.0,0.22808366461244525
cond_il6_10_il10_10,pSTAT1,50.0,0.2171693047280719
cond_il6_10_il10_10,pSTAT1,51.0,0.20736964001880373
cond_il6_10_il10_10,pSTAT1,52.0,0.19857655592002232
cond_il6_10_il10_10,pSTAT1,53.0,0.19069123980388153
cond_il6_10_il10_10,pSTAT1,54.0,0.18362352301441873
cond_il6_10_il10_10,pSTAT1,55.0,0.1772912395264602
cond_il6_10_il10_10,pSTAT1,56.0,0.1716196109533036
cond_il6_10_il10_10,pSTAT1,57.0,0.1665406632975714
cond_il6_10_il10_10,pSTAT1,58.0,0.16199267861267375
cond_il6_10_il10_10,pSTAT1,59.0,0.15791968258503644
cond_il6_10_il10_10,pSTAT1,60.0,0.15427096791146178
cond_il6_10_il10_10,pSTAT1,61.0,0.1510006524657335
cond_il6_10_il10_10,pSTAT1,62.0,0.1480672707630561
cond_il6_10_il10_10,pSTAT1,63.0,0.1454333968659943
cond_il6_10_il10_10,pSTAT1,64.0,0.14306529676700735
cond_il6_10_il10_10,pSTAT1,65.0,0.14093260821018086
cond_il6_10_il10_10,pSTAT1,66.0,0.13900804597148342
cond_il6_10_il10_10,pSTAT1,67.0,0.13726713070726435
cond_il6_10_il10_10,pSTAT1,68.0,0.13568793936048718
cond_il6_10_il10_10,pSTAT1,69.0,0.1342508753585557
cond_il6_10_il10_10,pSTAT1,70.0,0.13293845797770937
cond_il6_10_il10_10,pSTAT1,71.0,0.13173512792422953
cond_il6_10_il10_10,pSTAT1,72.0,0.13062706869131405
cond_il6_10_il10_10,pSTAT1,73.0,0.12960204249885487
cond_il6_10_il10_10,pSTAT1,74.0,0.12864923935196293
cond_il6_10_il10_10,pSTAT1,75.0,0.12775913845369605
cond_il6_10_il10_10,pSTAT1,76.0,0.12692338094480635
cond_il6_10_il10_10,pSTAT1,77.0,0.1261346531803547
cond_il6_10_il10_10,pSTAT1,78.0,0.12538657971977393
cond_il6_10_il10_10,pSTAT1,79.0,0.12467362534356305
cond_il6_10_il10_10,pSTAT1,80.0,0.12399100544348511
cond_il6_10_il10_10,pSTAT1,81.0,0.12333460416968024
cond_il6_10_il10_10,pSTAT1,82.0,0.12270089978808198
cond_il6_10_il10_10,pSTAT1,83.0,0.1220868967239778
cond_il6_10_il10_10,pSTAT1,84.0,0.12149006378670202
cond_il6_10_il10_10,pSTAT1,85.0,0.12090827814039179
cond_il6_10_il10_10,pSTAT1,86.0,0.12033977459196173
cond_il6_10_il10_10,pSTAT1,87.0,0.11978309977959611
cond_il6_10_il10_10,pSTAT1,88.0,0.1192370709275697
cond_il6_10_il10_10,pSTAT1,89.0,0.1187007387670056
cond_il6_10_il10_10,pSTAT1,90.0,0.11817335431976261
cond_il6_10_il10_10,pSTAT3,0.0,0.0
cond_il6_10_il10_10,pSTAT3,1.0,0.026610746108909508
cond_il6_10_il10_10,pSTAT3,2.0,0.1486836042064484
cond_il6_10_il10_10,pSTAT3,3.0,0.3372626739555131
cond_il6_10_il10_10,pSTAT3,4.0,0.5463720121403304
cond_il6_10_il10_10,pSTAT3,5.0,0.7397198117466024
cond_il6_10_il10_10,pSTAT3,6.0,0.894773550920697
cond_il6_10_il10_10,pSTAT3,7.0,1.0036851702017966
cond_il6_10_il10_10,pSTAT3,8.0,1.0707470082378228
cond_il6_10_il10_10,pSTAT3,9.0,1.1069343112128383
cond_il6_10_il10_10,pSTAT3,10.0,1.1239798207076352
cond_il6_10_il10_10,pSTAT3,11.0,1.1307474987971693
cond_il6_10_il10_10,pSTAT3,12.0,1.1325423247673345
cond_il6_10_il10_10,pSTAT3,13.0,1.1320319720148053
cond_il6_10_il10_10,pSTAT3,14.0,1.1303824284233954
cond_il6_10_il10_10,pSTAT3,15.0,1.1280332394339387
cond_il6_10_il10_10,pSTAT3,16.0,1.125104667018283
cond_il6_10_il10_10,pSTAT3,17.0,1.1215808379495824
cond_il6_10_il10_10,pSTAT3,18.0,1.117384274457861
cond_il6_10_il10_10,pSTAT3,19.0,1.1124044209752886
cond_il6_10_il10_10,pSTAT3,20.0,1.1065088931514893
cond_il6_10_il10_10,pSTAT3,21.0,1.0995498386581724
cond_il6_10_il10_10,pSTAT3,22.0,1.0913709265945082
cond_il6_10_il10_10,pSTAT3,23.0,1.0818175599655222
cond_il6_10_il10_10,pSTAT3,24.0,1.0707511170533994
cond_il6_10_il10_10,pSTAT3,25.0,1.058066148402081
cond_il6_10_il10_10,pSTAT3,26.0,1.0437074175456669
cond_il6_10_il10_10,pSTAT3,27.0,1.0276824708111936
cond_il6_10_il10_10,pSTAT3,28.0,1.0100664293321664
cond_il6_10_il10_10,pSTAT3,29.0,0.9909989333808868
cond_il6_10_il10_10,pSTAT3,30.0,0.9706761831812551
cond_il6_10_il10_10,pSTAT3,31.0,0.9493409967365954
cond_il6_10_il10_10,pSTAT3,32.0,0.9272712471996943
cond_il6_10_il10_10,pSTAT3,33.0,0.904765414405408
cond_il6_10_il10_10,pSTAT3,34.0,0.8821252104733857
cond_il6_10_il10_10,pSTAT3,35.0,0.8596376530817091
cond_il6_10_il10_10,pSTAT3,36.0,0.8375599967534924
cond_il6_10_il10_10,pSTAT3,37.0,0.8161099397862924
cond_il6_10_il10_10,pSTAT3,38.0,0.7954616197484832
cond_il6_10_il10_10,pSTAT3,39.0,0.7757463756353288
cond_il6_10_il10_10,pSTAT3,40.0,0.7570566062270861
cond_il6_10_il10_10,pSTAT3,41.0,0.7394511346651547
cond_il6_10_il10_10,pSTAT3,42.0,0.722960919007073
cond_il6_10_il10_10,pSTAT3,43.0,0.7075944209736198
cond_il6_10_il10_10,pSTAT3,44.0,0.6933423149456056
cond_il6_10_il10_10,pSTAT3,45.0,0.6801814538709932
cond_il6_10_il10_10,pSTAT3,46.0,0.6680781332572341
cond_il6_10_il10_10,pSTAT3,47.0,0.6569907466678278
cond_il6_10_il10_10,pSTAT3,48.0,0.6468719359763909
cond_il6_10_il10_10,pSTAT3,49.0,0.6376703317179557
cond_il6_10_il10_10,pSTAT3,50.0,0.629331963644431
cond_il6_10_il10_10,pSTAT3,51.0,0.6218014056294572
cond_il6_10_il10_10,pSTAT3,52.0,0.6150227054715847
cond_il6_10_il10_10,pSTAT3,53.0,0.6089401389617293
cond_il6_10_il10_10,pSTAT3,54.0,0.6034988192769144
cond_il6_10_il10_10,pSTAT3,55.0,0.5986451859289694
cond_il6_10_il10_10,pSTAT3,56.0,0.5943273923675909
cond_il6_10_il10_10,pSTAT3,57.0,0.590495609121007
cond_il6_10_il10_10,pSTAT3,58.0,0.5871022543950924
cond_il6_10_il10_10,pSTAT3,59.0,0.5841021635108054
cond_il6_10_il10_10,pSTAT3,60.0,0.5814527061026158
cond_il6_10_il10_10,pSTAT3,61.0,0.5791138588620124
cond_il6_10_il10_10,pSTAT3,62.0,0.577048240436694
cond_il6_10_il10_10,pSTAT3,63.0,0.5752211142632393
cond_il6_10_il10_10,pSTAT3,64.0,0.5736003643187769
cond_il6_10_il10_10,pSTAT3,65.0,0.572156448181264
cond_il6_10_il10_10,pSTAT3,66.0,0.5708623312406921
cond_il6_10_il10_10,pSTAT3,67.0,0.5696934054567245
cond_il6_10_il10_10,pSTAT3,68.0,0.5686273957775293
cond_il6_10_il10_10,pSTAT3,69.0,0.5676442568602736
cond_il6_10_il10_10,pSTAT3,70.0,0.5667260620361907
cond_il6_10_il10_10,pSTAT3,71.0,0.5658568874135861
cond_il6_10_il10_10,pSTAT3,72.0,0.565022692394972
cond_il6_10_il10_10,pSTAT3,73.0,0.5642111982764199
cond_il6_10_il10_10,pSTAT3,74.0,0.5634117665309665
cond_il6_10_il10_10,pSTAT3,75.0,0.5626152778436267
cond_il6_10_il10_10,pSTAT3,76.0,0.5618140129988315
cond_il6_10_il10_10,pSTAT3,77.0,0.5610015365297123
cond_il6_10_il10_10,pSTAT3,78.0,0.560172583834216
cond_il6_10_il10_10,pSTAT3,79.0,0.5593229523875338
cond_il6_10_il10_10,pSTAT3,80.0,0.5584493975346023
cond_il6_10_il10_10,pSTAT3,81.0,0.5575495332313171
cond_il6_10_il10_10,pSTAT3,82.0,0.5566217380245808
cond_il6_10_il10_10,pSTAT3,83.0,0.5556650664608023
cond_il6_10_il10_10,pSTAT3,84.0,0.5546791660167916
cond_il6_10_il10_10,pSTAT3,85.0,0.553664199609656
cond_il6_10_il10_10,pSTAT3,86.0,0.55262077366649
cond_il6_10_il10_10,pSTAT3,87.0,0.5515498716635052
cond_il6_10_il10_10,pSTAT3,88.0,0.5504527930674465
cond_il6_10_il10_10,pSTAT3,89.0,0.5493310974743626
cond_il6_10_il10_10,pSTAT3,90.0,0.5481865537957837
cond_il10_10,pSTAT1,0.0,0.0
cond_il10_10,pSTAT1,1.0,0.0025707442395168896
cond_il10_10,pSTAT1,2.0,0.013184615628199324
cond_il10_10,pSTAT1,3.0,0.028352624154463636
cond_il10_10,pSTAT1,4.0,0.045513063036343365
cond_il10_10,pSTAT1,5.0,0.06385597581922152
cond_il10_10,pSTAT1,6.0,0.08326368135897565
cond_il10_10,pSTAT1,7.0,0.10383759708227848
cond_il10_10,pSTAT1,8.0,0.1257121400205895
cond_il10_10,pSTAT1,9.0,0.1489677819009699
cond_il10_10,pSTAT1,10.0,0.17358007790905863
cond_il10_10,pSTAT1,11.0,0.19938949480887783
cond_il10_10,pSTAT1,12.0,0.22609244838204662
cond_il10_10,pSTAT1,13.0,0.25325574153603475
cond_il10_10,pSTAT1,14.0,0.2803520345885456
cond_il10_10,pSTAT1,15.0,0.30680824189133266
cond_il10_10,pSTAT1,16.0,0.3320559293720924
cond_il10_10,pSTAT1,17.0,0.35557416767656563
cond_il10_10,pSTAT1,18.0,0.3769194706228172
cond_il10_10,pSTAT1,19.0,0.39574191969363176
cond_il10_10,pSTAT1,20.0,0.41178962097035005
cond_il10_10,pSTAT1,21.0,0.4249048785266264
cond_il10_10,pSTAT1,22.0,0.4350153870426497
cond_il10_10,pSTAT1,23.0,0.4421230345205396
cond_il10_10,pSTAT1,24.0,0.44629207003772275
cond_il10_10,pSTAT1,25.0,0.4476376841402568
cond_il10_10,pSTAT1,26.0,0.44631554214009117
cond_il10_10,pSTAT1,27.0,0.4425124822444245
cond_il10_10,pSTAT1,28.0,0.43643840772518233
cond_il10_10,pSTAT1,29.0,0.4283192879028862
cond_il10_10,pSTAT1,30.0,0.41839114799604493
cond_il10_10,pSTAT1,31.0,0.40689490818208257
cond_il10_10,pSTAT1,32.0,0.3940719370817753
cond_il10_10,pSTAT1,33.0,0.3801601989567899
cond_il10_10,pSTAT1,34.0,0.3653908937517498
cond_il10_10,pSTAT1,35.0,0.3499855122138812
cond_il10_10,pSTAT1,36.0,0.33415325456989414
cond_il10_10,pSTAT1,37.0,0.3180887876172229
cond_il10_10,pSTAT1,38.0,0.3019703422464978
cond_il10_10,pSTAT1,39.0,0.2859581759449225
cond_il10_10,pSTAT1,40.0,0.2701934404560314
cond_il10_10,pSTAT1,41.0,0.2547975015591501
cond_il10_10,pSTAT1,42.0,0.23987175013267617
cond_il10_10,pSTAT1,43.0,0.2254979211408613
cond_il10_10,pSTAT1,44.0,0.21173890879884538
cond_il10_10,pSTAT1,45.0,0.19864002645601375
cond_il10_10,pSTAT1,46.0,0.18623062808447696
cond_il10_10,pSTAT1,47.0,0.17452598409708972
cond_il10_10,pSTAT1,48.0,0.1635292902674204
cond_il10_10,pSTAT1,49.0,0.15323369844953375
cond_il10_10,pSTAT1,50.0,0.14362427079963805
cond_il10_10,pSTAT1,51.0,0.1346797846989229
cond_il10_10,pSTAT1,52.0,0.12637434145029083
cond_il10_10,pSTAT1,53.0,0.1186787561547126
cond_il10_10,pSTAT1,54.0,0.11156172562474637
cond_il10_10,pSTAT1,55.0,0.10499078513125665
cond_il10_10,pSTAT1,56.0,0.09893307352726011
cond_il10_10,pSTAT1,57.0,0.09335593046821311
cond_il10_10,pSTAT1,58.0,0.08822735068765965
cond_il10_10,pSTAT1,59.0,0.08351631926204625
cond_il10_10,pSTAT1,60.0,0.07919304964299921
cond_il10_10,pSTAT1,61.0,0.07522914356837714
cond_il10_10,pSTAT1,62.0,0.07159768914632109
cond_il10_10,pSTAT1,63.0,0.06827331069668639
cond_il10_10,pSTAT1,64.0,0.06523218157399428
cond_il10_10,pSTAT1,65.0,0.06245200903783919
cond_il10_10,pSTAT1,66.0,0.059911998477218745
cond_il10_10,pSTAT1,67.0,0.05759280280326886
cond_il10_10,pSTAT1,68.0,0.05547646157830479
cond_il10_10,pSTAT1,69.0,0.053546333572201545
cond_il10_10,pSTAT1,70.0,0.051787025365537864
cond_il10_10,pSTAT1,71.0,0.05018431816576446
cond_il10_10,pSTAT1,72.0,0.04872509468997514
cond_il10_10,pSTAT1,73.0,0.047397267006752924
cond_il10_10,pSTAT1,74.0,0.04618970637906128
cond_il10_10,pSTAT1,75.0,0.04509217571831555
cond_il10_10,pSTAT1,76.0,0.04409526503924008
cond_il10_10,pSTAT1,77.0,0.043190330211528946
cond_il10_10,pSTAT1,78.0,0.04236943513574949
cond_il10_10,pSTAT1,79.0,0.04162529740293812
cond_il10_10,pSTAT1,80.0,0.040951237423145645
cond_il10_10,pSTAT1,81.0,0.040341130952676114
cond_il10_10,pSTAT1,82.0,0.03978936491407246
cond_il10_10,pSTAT1,83.0,0.03929079637929902
cond_il10_10,pSTAT1,84.0,0.03884071457012267
cond_il10_10,pSTAT1,85.0,0.03843480570779778
cond_il10_10,pSTAT1,86.0,0.03806912055337503
cond_il10_10,pSTAT1,87.0,0.03774004447035434
cond_il10_10,pSTAT1,88.0,0.03744426984475071
cond_il10_10,pSTAT1,89.0,0.03717877070229977
cond_il10_10,pSTAT1,90.0,0.03694077936214434
cond_il10_10,pSTAT3,0.0,0.0
cond_il10_10,pSTAT3,1.0,0.023492112873183268
cond_il10_10,pSTAT3,2.0,0.118677568731033
cond_il10_10,pSTAT3,3.0,0.2477957482622745
cond_il10_10,pSTAT3,4.0,0.38206789831711374
cond_il10_10,pSTAT3,5.0,0.5097241770490071
cond_il10_10,pSTAT3,6.0,0.6257464048177832
cond_il10_10,pSTAT3,7.0,0.7276964167258473
cond_il10_10,pSTAT3,8.0,0.8144310275243531
cond_il10_10,pSTAT3,9.0,0.885753505949863
cond_il10_10,pSTAT3,10.0,0.9423065379855896
cond_il10_10,pSTAT3,11.0,0.985457991287259
cond_il10_10,pSTAT3,12.0,1.0171006056615324
cond_il10_10,pSTAT3,13.0,1.0393792016134096
cond_il10_10,pSTAT3,14.0,1.0544104628447126
cond_il10_10,pSTAT3,15.0,1.0640657924563348
cond_il10_10,pSTAT3,16.0,1.069855194780143
cond_il10_10,pSTAT3,17.0,1.0729074040103967
cond_il10_10,pSTAT3,18.0,1.0740142264382946
cond_il10_10,pSTAT3,19.0,1.0737025213122546
cond_il10_10,pSTAT3,20.0,1.0723072175638018
cond_il10_10,pSTAT3,21.0,1.0700319923281278
cond_il10_10,pSTAT3,22.0,1.0669941330272368
cond_il10_10,pSTAT3,23.0,1.063255297310575
cond_il10_10,pSTAT3,24.0,1.0588416121330977
cond_il10_10,pSTAT3,25.0,1.0537564700243964
cond_il10_10,pSTAT3,26.0,1.0479886501648332
cond_il10_10,pSTAT3,27.0,1.0415176057986795
cond_il10_10,pSTAT3,28.0,1.034317118089818
cond_il10_10,pSTAT3,29.0,1.0263580892863897
cond_il10_10,pSTAT3,30.0,1.0176109333565246
cond_il10_10,pSTAT3,31.0,1.0080478399648223
cond_il10_10,pSTAT3,32.0,0.9976450536193574
cond_il10_10,pSTAT3,33.0,0.986385213034055
cond_il10_10,pSTAT3,34.0,0.9742597178342408
cond_il10_10,pSTAT3,35.0,0.9612710221488104
cond_il10_10,pSTAT3,36.0,0.9474346998103592
cond_il10_10,pSTAT3,37.0,0.9327810853614967
cond_il10_10,pSTAT3,38.0,0.9173562852866051
cond_il10_10,pSTAT3,39.0,0.9012223746753528
cond_il10_10,pSTAT3,40.0,0.8844566560631372
cond_il10_10,pSTAT3,41.0,0.8671499567760007
cond_il10_10,pSTAT3,42.0,0.8494040537066736
cond_il10_10,pSTAT3,43.0,0.8313284340436529
cond_il10_10,pSTAT3,44.0,0.8130366799309344
cond_il10_10,pSTAT3,45.0,0.7946428053299671
cond_il10_10,pSTAT3,46.0,0.7762578527186138
cond_il10_10,pSTAT3,47.0,0.7579869924140139
cond_il10_10,pSTAT3,48.0,0.7399272696902319
cond_il10_10,pSTAT3,49.0,0.7221660499423783
cond_il10_10,pSTAT3,50.0,0.7047801270952513
cond_il10_10,pSTAT3,51.0,0.6878354051262527
cond_il10_10,pSTAT3,52.0,0.6713870344989564
cond_il10_10,pSTAT3,53.0,0.6554798802297944
cond_il10_10,pSTAT3,54.0,0.6401492109458798
cond_il10_10,pSTAT3,55.0,0.625421516649703
cond_il10_10,pSTAT3,56.0,0.6113153850430139
cond_il10_10,pSTAT3,57.0,0.5978423860358976
cond_il10_10,pSTAT3,58.0,0.5850079306619427
cond_il10_10,pSTAT3,59.0,0.5728120833044926
cond_il10_10,pSTAT3,60.0,0.5612503154755814
cond_il10_10,pSTAT3,61.0,0.5503141958987771
cond_il10_10,pSTAT3,62.0,0.5399920155085123
cond_il10_10,pSTAT3,63.0,0.5302693490110073
cond_il10_10,pSTAT3,64.0,0.52112955607335
cond_il10_10,pSTAT3,65.0,0.5125542260675916
cond_il10_10,pSTAT3,66.0,0.5045235706901972
cond_il10_10,pSTAT3,67.0,0.497016768866684
cond_il10_10,pSTAT3,68.0,0.49001226809299403
cond_il10_10,pSTAT3,69.0,0.4834880470342361
cond_il10_10,pSTAT3,70.0,0.4774218423494344
cond_il10_10,pSTAT3,71.0,0.47179134301850867
cond_il10_10,pSTAT3,72.0,0.46657435738712133
cond_il10_10,pSTAT3,73.0,0.461748954113601
cond_il10_10,pSTAT3,74.0,0.45729358037796797
cond_il10_10,pSTAT3,75.0,0.4531871601691234
cond_il10_10,pSTAT3,76.0,0.44940917451566365
cond_il10_10,pSTAT3,77.0,0.44593972600686316
cond_il10_10,pSTAT3,78.0,0.44275958941822924
cond_il10_10,pSTAT3,79.0,0.4398502501110693
cond_il10_10,pSTAT3,80.0,0.437193931779463
cond_il10_10,pSTAT3,81.0,0.43477361490713107
cond_il10_10,pSTAT3,82.0,0.43257304718476564
cond_il10_10,pSTAT3,83.0,0.43057674699842724
cond_il10_10,pSTAT3,84.0,0.4287700009791378
cond_il10_10,pSTAT3,85.0,0.4271388565237084
cond_il10_10,pSTAT3,86.0,0.42567011006669386
cond_il10_10,pSTAT3,87.0,0.4243512918146028
cond_il10_10,pSTAT3,88.0,0.4231706475698731
cond_il10_10,pSTAT3,89.0,0.4221171181988382
cond_il10_10,pSTAT3,90.0,0.4211803172364651
cond_il6_1_il10_1,pSTAT1,0.0,0.0
cond_il6_1_il10_1,pSTAT1,1.0,0.00042435783211753584
cond_il6_1_il10_1,pSTAT1,2.0,0.003093693532385388
cond_il6_1_il10_1,pSTAT1,3.0,0.008872269161218497
cond_il6_1_il10_1,pSTAT1,4.0,0.01792914462336898
cond_il6_1_il10_1,pSTAT1,5.0,0.030136516211889026
cond_il6_1_il10_1,pSTAT1,6.0,0.04515075952459068
cond_il6_1_il10_1,pSTAT1,7.0,0.06249224883641518
cond_il6_1_il10_1,pSTAT1,8.0,0.08162745987879151
cond_il6_1_il10_1,pSTAT1,9.0,0.10202415169328401
cond_il6_1_il10_1,pSTAT1,10.0,0.1231779834464301
cond_il6_1_il10_1,pSTAT1,11.0,0.1446212138984551
cond_il6_1_il10_1,pSTAT1,12.0,0.16592123100324238
cond_il6_1_il10_1,pSTAT1,13.0,0.18667311667096717
cond_il6_1_il10_1,pSTAT1,14.0,0.2064896311157619
cond_il6_1_il10_1,pSTAT1,15.0,0.22499239465483367
cond_il6_1_il10_1,pSTAT1,16.0,0.24180841841495193
cond_il6_1_il10_1,pSTAT1,17.0,0.2565757446217763
cond_il6_1_il10_1,pSTAT1,18.0,0.26896021380423996
cond_il6_1_il10_1,pSTAT1,19.0,0.27868210643839386
cond_il6_1_il10_1,pSTAT1,20.0,0.2855473646048111
cond_il6_1_il10_1,pSTAT1,21.0,0.2894750641463865
cond_il6_1_il10_1,pSTAT1,22.0,0.2905126738472222
cond_il6_1_il10_1,pSTAT1,23.0,0.28883391956237686
cond_il6_1_il10_1,pSTAT1,24.0,0.2847193050586887
cond_il6_1_il10_1,pSTAT1,25.0,0.2785241341345465
cond_il6_1_il10_1,pSTAT1,26.0,0.2706414678061993
cond_il6_1_il10_1,pSTAT1,27.0,0.2614673810386037
cond_il6_1_il10_1,pSTAT1,28.0,0.25137376466724504
cond_il6_1_il10_1,pSTAT1,29.0,0.24069089137846567
cond_il6_1_il10_1,pSTAT1,30.0,0.22969923173005594
cond_il6_1_il10_1,pSTAT1,31.0,0.21862834467720274
cond_il6_1_il10_1,pSTAT1,32.0,0.2076602175937152
cond_il6_1_il10_1,pSTAT1,33.0,0.19693482201532586
cond_il6_1_il10_1,pSTAT1,34.0,0.1865563640414024
cond_il6_1_il10_1,pSTAT1,35.0,0.1765993681239718
cond_il6_1_il10_1,pSTAT1,36.0,0.16711419125879654
cond_il6_1_il10_1,pSTAT1,37.0,0.15813182779790758
cond_il6_1_il10_1,pSTAT1,38.0,0.14966799591003402
cond_il6_1_il10_1,pSTAT1,39.0,0.141726554683917
cond_il6_1_il10_1,pSTAT1,40.0,0.13430232264459013
cond_il6_1_il10_1,pSTAT1,41.0,0.12738337518566828
cond_il6_1_il10_1,pSTAT1,42.0,0.12095289665906543
cond_il6_1_il10_1,pSTAT1,43.0,0.11499065774417222
cond_il6_1_il10_1,pSTAT1,44.0,0.10947418167425517
cond_il6_1_il10_1,pSTAT1,45.0,0.10437965502602847
cond_il6_1_il10_1,pSTAT1,46.0,0.09968263082220746
cond_il6_1_il10_1,pSTAT1,47.0,0.09535856420612655
cond_il6_1_il10_1,pSTAT1,48.0,0.09138321413512705
cond_il6_1_il10_1,pSTAT1,49.0,0.08773293857171574
cond_il6_1_il10_1,pSTAT1,50.0,0.08438490556886385
cond_il6_1_il10_1,pSTAT1,51.0,0.08131723834797444
cond_il6_1_il10_1,pSTAT1,52.0,0.0785091091129858
cond_il6_1_il10_1,pSTAT1,53.0,0.07594079282313604
cond_il6_1_il10_1,pSTAT1,54.0,0.07359369083796138
cond_il6_1_il10_1,pSTAT1,55.0,0.07145033139744181
cond_il6_1_il10_1,pSTAT1,56.0,0.06949435299903817
cond_il6_1_il10_1,pSTAT1,57.0,0.0677104752369232
cond_il6_1_il10_1,pSTAT1,58.0,0.06608446076493679
cond_il6_1_il10_1,pSTAT1,59.0,0.06460307122427418
cond_il6_1_il10_1,pSTAT1,60.0,0.06325401934557896
cond_il6_1_il10_1,pSTAT1,61.0,0.06202591893295604
cond_il6_1_il10_1,pSTAT1,62.0,0.06090823403226799
cond_il6_1_il10_1,pSTAT1,63.0,0.05989122826613096
cond_il6_1_il10_1,pSTAT1,64.0,0.05896591506435915
cond_il6_1_il10_1,pSTAT1,65.0,0.05812400931755402
cond_il6_1_il10_1,pSTAT1,66.0,0.057357880824032696
cond_il6_1_il10_1,pSTAT1,67.0,0.056660509786657834
cond_il6_1_il10_1,pSTAT1,68.0,0.05602544446418764
cond_il6_1_il10_1,pSTAT1,69.0,0.055446761113300554
cond_il6_1_il10_1,pSTAT1,70.0,0.05491902625870101
cond_il6_1_il10_1,pSTAT1,71.0,0.05443726115130499
cond_il6_1_il10_1,pSTAT1,72.0,0.0539969084854498
cond_il6_1_il10_1,pSTAT1,73.0,0.05359380124374415
cond_il6_1_il10_1,pSTAT1,74.0,0.05322413358507542
cond_il6_1_il10_1,pSTAT1,75.0,0.052884433686882656
cond_il6_1_il10_1,pSTAT1,76.0,0.05257153842832775
cond_il6_1_il10_1,pSTAT1,77.0,0.052282569812047146
cond_il6_1_il10_1,pSTAT1,78.0,0.05201491301600336
cond_il6_1_il10_1,pSTAT1,79.0,0.051766195976914314
cond_il6_1_il10_1,pSTAT1,80.0,0.051534270398719294
cond_il6_1_il10_1,pSTAT1,81.0,0.05131719409451878
cond_il6_1_il10_1,pSTAT1,82.0,0.051113214570542354
cond_il6_1_il10_1,pSTAT1,83.0,0.05092075376699773
cond_il6_1_il10_1,pSTAT1,84.0,0.05073839387603778
cond_il6_1_il10_1,pSTAT1,85.0,0.050564864162781886
cond_il6_1_il10_1,pSTAT1,86.0,0.05039902871927471
cond_il6_1_il10_1,pSTAT1,87.0,0.05023987508937367
cond_il6_1_il10_1,pSTAT1,88.0,0.050086503703950694
cond_il6_1_il10_1,pSTAT1,89.0,0.04993811807153282
cond_il6_1_il10_1,pSTAT1,90.0,0.04979401567452832
cond_il6_1_il10_1,pSTAT3,0.0,0.0
cond_il6_1_il10_1,pSTAT3,1.0,0.003339185838553971
cond_il6_1_il10_1,pSTAT3,2.0,0.022140528442877245
cond_il6_1_il10_1,pSTAT3,3.0,0.05788787387141859
cond_il6_1_il10_1,pSTAT3,4.0,0.1074657785038064
cond_il6_1_il10_1,pSTAT3,5.0,0.16752656303260832
cond_il6_1_il10_1,pSTAT3,6.0,0.23493638203877726
cond_il6_1_il10_1,pSTAT3,7.0,0.3068059817635461
cond_il6_1_il10_1,pSTAT3,8.0,0.3805315455390718
cond_il6_1_il10_1,pSTAT3,9.0,0.4538279480438459
cond_il6_1_il10_1,pSTAT3,10.0,0.5247445730644845
cond_il6_1_il10_1,pSTAT3,11.0,0.5916699422312449
cond_il6_1_il10_1,pSTAT3,12.0,0.6533305900466022
cond_il6_1_il10_1,pSTAT3,13.0,0.7087861906859413
cond_il6_1_il10_1,pSTAT3,14.0,0.7574199480795553
cond_il6_1_il10_1,pSTAT3,15.0,0.7989211801800309
cond_il6_1_il10_1,pSTAT3,16.0,0.8332567114914842
cond_il6_1_il10_1,pSTAT3,17.0,0.860629549699146
cond_il6_1_il10_1,pSTAT3,18.0,0.8814267599398665
cond_il6_1_il10_1,pSTAT3,19.0,0.8961619625569252
cond_il6_1_il10_1,pSTAT3,20.0,0.9054198101190332
cond_il6_1_il10_1,pSTAT3,21.0,0.9098092633406544
cond_il6_1_il10_1,pSTAT3,22.0,0.9099298043970266
cond_il6_1_il10_1,pSTAT3,23.0,0.9063511225400437
cond_il6_1_il10_1,pSTAT3,24.0,0.8996037256511208
cond_il6_1_il10_1,pSTAT3,25.0,0.8901764049894724
cond_il6_1_il10_1,pSTAT3,26.0,0.8785167371873722
cond_il6_1_il10_1,pSTAT3,27.0,0.8650322487615842
cond_il6_1_il10_1,pSTAT3,28.0,0.8500914780107043
cond_il6_1_il10_1,pSTAT3,29.0,0.8340251409851928
cond_il6_1_il10_1,pSTAT3,30.0,0.8171277635328036
cond_il6_1_il10_1,pSTAT3,31.0,0.7996598389911405
cond_il6_1_il10_1,pSTAT3,32.0,0.7818502762920223
cond_il6_1_il10_1,pSTAT3,33.0,0.7638988407469383
cond_il6_1_il10_1,pSTAT3,34.0,0.7459784107161482
cond_il6_1_il10_1,pSTAT3,35.0,0.7282370287227142
cond_il6_1_il10_1,pSTAT3,36.0,0.7107998162850628
cond_il6_1_il10_1,pSTAT3,37.0,0.6937708345328719
cond_il6_1_il10_1,pSTAT3,38.0,0.6772349404173973
cond_il6_1_il10_1,pSTAT3,39.0,0.6612596474226005
cond_il6_1_il10_1,pSTAT3,40.0,0.6458969704383734
cond_il6_1_il10_1,pSTAT3,41.0,0.6311852215094462
cond_il6_1_il10_1,pSTAT3,42.0,0.6171507231439932
cond_il6_1_il10_1,pSTAT3,43.0,0.6038094128763792
cond_il6_1_il10_1,pSTAT3,44.0,0.5911683220882451
cond_il6_1_il10_1,pSTAT3,45.0,0.5792269210094112
cond_il6_1_il10_1,pSTAT3,46.0,0.5679783288788024
cond_il6_1_il10_1,pSTAT3,47.0,0.5574103933063675
cond_il6_1_il10_1,pSTAT3,48.0,0.5475066460682073
cond_il6_1_il10_1,pSTAT3,49.0,0.5382471443264399
cond_il6_1_il10_1,pSTAT3,50.0,0.5296092070286129
cond_il6_1_il10_1,pSTAT3,51.0,0.5215680562948041
cond_il6_1_il10_1,pSTAT3,52.0,0.5140973736093366
cond_il6_1_il10_1,pSTAT3,53.0,0.5071697789755275
cond_il6_1_il10_1,pSTAT3,54.0,0.5007572423617727
cond_il6_1_il10_1,pSTAT3,55.0,0.4948314342727226
cond_il6_1_il10_1,pSTAT3,56.0,0.4893640226705151
cond_il6_1_il10_1,pSTAT3,57.0,0.48432692236270175
cond_il6_1_il10_1,pSTAT3,58.0,0.47969250250917983
cond_il6_1_il10_1,pSTAT3,59.0,0.47543375728323256
cond_il6_1_il10_1,pSTAT3,60.0,0.4715244442186851
cond_il6_1_il10_1,pSTAT3,61.0,0.46793919428257064
cond_il6_1_il10_1,pSTAT3,62.0,0.46465359730833955
cond_il6_1_il10_1,pSTAT3,63.0,0.4616442660271117
cond_il6_1_il10_1,pSTAT3,64.0,0.4588888815763856
cond_il6_1_il10_1,pSTAT3,65.0,0.456366223067235
cond_il6_1_il10_1,pSTAT3,66.0,0.4540561834884846
cond_il6_1_il10_1,pSTAT3,67.0,0.45193977394061763
cond_il6_1_il10_1,pSTAT3,68.0,0.44999911817904126
cond_il6_1_il10_1,pSTAT3,69.0,0.4482174387608297
cond_il6_1_il10_1,pSTAT3,70.0,0.4465790362329455
cond_il6_1_il10_1,pSTAT3,71.0,0.44506926299978994
cond_il6_1_il10_1,pSTAT3,72.0,0.44367449242165596
cond_il6_1_il10_1,pSTAT3,73.0,0.44238208437606946
cond_il6_1_il10_1,pSTAT3,74.0,0.4411803480441387
cond_il6_1_il10_1,pSTAT3,75.0,0.44005850260551754
cond_il6_1_il10_1,pSTAT3,76.0,0.43900663649807314
cond_il6_1_il10_1,pSTAT3,77.0,0.43801566575206896
cond_il6_1_il10_1,pSTAT3,78.0,0.4370772918601705
cond_il6_1_il10_1,pSTAT3,79.0,0.43618395957369294
cond_il6_1_il10_1,pSTAT3,80.0,0.43532881495252007
cond_il6_1_il10_1,pSTAT3,81.0,0.4345056639464904
cond_il6_1_il10_1,pSTAT3,82.0,0.43370893173894326
cond_il6_1_il10_1,pSTAT3,83.0,0.4329336230429755
cond_il6_1_il10_1,pSTAT3,84.0,0.4321752835056594
cond_il6_1_il10_1,pSTAT3,85.0,0.4314299623443911
cond_il6_1_il10_1,pSTAT3,86.0,0.43069417631069895
cond_il6_1_il10_1,pSTAT3,87.0,0.42996487505761305
cond_il6_1_il10_1,pSTAT3,88.0,0.4292394079619924
cond_il6_1_il10_1,pSTAT3,89.0,0.42851549243560894
cond_il6_1_il10_1,pSTAT3,90.0,0.4277911837469078
